{
    "project": "VALORSHIELD_COMPLIANCE_PACKAGE",
    "timestamp": 1746779244.1038423,
    "hashes": {
        "VBLK_Token_README.md": "e47bf2ec1bd8482a8992fa9bfcb4db079d960b8aaf8005503eee608bdb8befce",
        "VBLK_CONTRIBUTING.md": "b293d316a7c886a64cec13fa56bb9c2b522f6cb9ebdb7af64267bd98fd967f30",
        "VBLK_CODE_OF_CONDUCT.md": "433a9d2e9eea4e4644c63a9860d3e67cbe5e7fef02858c3e93f37cc6ba4327a8"
    },
    "anchored_to": [
        "OpenTimestamps (OTS)",
        "VALORChain Mainnet"
    ]
}